<?xml version="1.0" encoding="utf-8" standalone="yes"?>
<rss version="2.0" xmlns:atom="http://www.w3.org/2005/Atom">
  <channel>
    <title>Gestão De Laboratórios on AppStore UniFil</title>
    <link>//localhost:1313/tags/gest%C3%A3o-de-laborat%C3%B3rios/</link>
    <description>Recent content in Gestão De Laboratórios on AppStore UniFil</description>
    <generator>Hugo</generator>
    <language>pt-br</language>
    <atom:link href="//localhost:1313/tags/gest%C3%A3o-de-laborat%C3%B3rios/index.xml" rel="self" type="application/rss+xml" />
    <item>
      <title>Noxus</title>
      <link>//localhost:1313/posts/noxus/</link>
      <pubDate>Mon, 01 Jan 0001 00:00:00 +0000</pubDate>
      <guid>//localhost:1313/posts/noxus/</guid>
      <description>Otimize seu tempo com Noxus - o sistema de agendamento de laboratório eficiente e intuitivo. Simplifique sua rotina, agende experimentos em segundos e concentre-se no que realmente importa. Experimente agora!</description>
    </item>
  </channel>
</rss>
