<?xml version="1.0" encoding="utf-8" standalone="yes"?>
<rss version="2.0" xmlns:atom="http://www.w3.org/2005/Atom">
  <channel>
    <title>ADS on AppStore UniFil</title>
    <link>//localhost:1313/tags/ads/</link>
    <description>Recent content in ADS on AppStore UniFil</description>
    <generator>Hugo</generator>
    <language>pt-br</language>
    <atom:link href="//localhost:1313/tags/ads/index.xml" rel="self" type="application/rss+xml" />
    <item>
      <title>Defend The Crown</title>
      <link>//localhost:1313/posts/defend_the_crown/</link>
      <pubDate>Mon, 01 Jan 0001 00:00:00 +0000</pubDate>
      <guid>//localhost:1313/posts/defend_the_crown/</guid>
      <description>O seguinte projeto se trata de um jogo de estratégia desenvolvido e pensado por 4 alunos do Centro Universitário Filadélfia (UniFil) para a disciplina de Extensão Curricular, sendo 3 estudantes do curso de graduação presencial de Ciência da Computação e 1 estudantes do curso de graduação EAD de Análise e Desenvolvimento de Sistemas.</description>
    </item>
    <item>
      <title>LonHeal</title>
      <link>//localhost:1313/posts/lonheal/</link>
      <pubDate>Mon, 01 Jan 0001 00:00:00 +0000</pubDate>
      <guid>//localhost:1313/posts/lonheal/</guid>
      <description>Mapear todos os estabelecimentos na área da saúde, na região de Londrina-PR. Fornecer informações a respeito do horário de funcionamento de cada estabelecimento, bem como detalhes sobre as especialidades do local.</description>
    </item>
    <item>
      <title>Nome do projeto</title>
      <link>//localhost:1313/posts/template/</link>
      <pubDate>Mon, 01 Jan 0001 00:00:00 +0000</pubDate>
      <guid>//localhost:1313/posts/template/</guid>
      <description>Sumário de seu projeto</description>
    </item>
    <item>
      <title>Notas&#43;</title>
      <link>//localhost:1313/posts/notas/</link>
      <pubDate>Mon, 01 Jan 0001 00:00:00 +0000</pubDate>
      <guid>//localhost:1313/posts/notas/</guid>
      <description>Inspirado pela simplicidade e eficácia de um quadro de lembretes com post-it, o Notas+ é uma aplicação de anotações que captura essa essência para resolver o desafio cotidiano de lembrar pequenos detalhes.</description>
    </item>
    <item>
      <title>Noxus</title>
      <link>//localhost:1313/posts/noxus/</link>
      <pubDate>Mon, 01 Jan 0001 00:00:00 +0000</pubDate>
      <guid>//localhost:1313/posts/noxus/</guid>
      <description>Otimize seu tempo com Noxus - o sistema de agendamento de laboratório eficiente e intuitivo. Simplifique sua rotina, agende experimentos em segundos e concentre-se no que realmente importa. Experimente agora!</description>
    </item>
  </channel>
</rss>
