<?xml version="1.0" encoding="utf-8" standalone="yes"?>
<rss version="2.0" xmlns:atom="http://www.w3.org/2005/Atom">
  <channel>
    <title>Jogos on AppStore UniFil</title>
    <link>//localhost:1313/tags/jogos/</link>
    <description>Recent content in Jogos on AppStore UniFil</description>
    <generator>Hugo</generator>
    <language>pt-br</language>
    <atom:link href="//localhost:1313/tags/jogos/index.xml" rel="self" type="application/rss+xml" />
    <item>
      <title>Defend The Crown</title>
      <link>//localhost:1313/posts/defend_the_crown/</link>
      <pubDate>Mon, 01 Jan 0001 00:00:00 +0000</pubDate>
      <guid>//localhost:1313/posts/defend_the_crown/</guid>
      <description>O seguinte projeto se trata de um jogo de estratégia desenvolvido e pensado por 4 alunos do Centro Universitário Filadélfia (UniFil) para a disciplina de Extensão Curricular, sendo 3 estudantes do curso de graduação presencial de Ciência da Computação e 1 estudantes do curso de graduação EAD de Análise e Desenvolvimento de Sistemas.</description>
    </item>
  </channel>
</rss>
