<?xml version="1.0" encoding="utf-8" standalone="yes"?>
<rss version="2.0" xmlns:atom="http://www.w3.org/2005/Atom">
  <channel>
    <title>CC on AppStore UniFil</title>
    <link>//localhost:1313/tags/cc/</link>
    <description>Recent content in CC on AppStore UniFil</description>
    <generator>Hugo</generator>
    <language>pt-br</language>
    <lastBuildDate>Thu, 23 May 2024 21:07:54 -0300</lastBuildDate>
    <atom:link href="//localhost:1313/tags/cc/index.xml" rel="self" type="application/rss+xml" />
    <item>
      <title>DietSync</title>
      <link>//localhost:1313/posts/dietsync/</link>
      <pubDate>Fri, 17 May 2024 00:00:00 +0000</pubDate>
      <guid>//localhost:1313/posts/dietsync/</guid>
      <description>Bem-vindo ao Futuro da Saúde e Bem-Estar Descubra um novo você com a DietSync, um sistema WEB que combina dietas suas dietas, treinos, receitas deliciosas e monitoramento da evolução das suas medidas. Tudo o que você precisa para alcançar seus objetivos de saúde e fitness em uma só plataforma!&#xA;O Que Oferecemos Registre suas Dietas Planos Alimentares Específicos: adicione planos alimentares que atendem às suas necessidades nutricionais e preferências alimentares. Garantindo que sua dieta seja rica em nutrientes essenciais para sua saúde e bem-estar.</description>
    </item>
    <item>
      <title>Alimente-se</title>
      <link>//localhost:1313/posts/alimente-se/</link>
      <pubDate>Mon, 01 Jan 0001 00:00:00 +0000</pubDate>
      <guid>//localhost:1313/posts/alimente-se/</guid>
      <description>Somos um projeto que visa combater a fome e o desperdício de alimentos, conectando doadores a comunidades carentes.</description>
    </item>
    <item>
      <title>Anki</title>
      <link>//localhost:1313/posts/anki/</link>
      <pubDate>Mon, 01 Jan 0001 00:00:00 +0000</pubDate>
      <guid>//localhost:1313/posts/anki/</guid>
      <description>O projeto Anki visa facilitar o aprendizado de japonese para iniciantes</description>
    </item>
    <item>
      <title>AutoLead - UnionDev</title>
      <link>//localhost:1313/posts/uniondev/</link>
      <pubDate>Mon, 01 Jan 0001 00:00:00 +0000</pubDate>
      <guid>//localhost:1313/posts/uniondev/</guid>
      <description>Este projeto oferece uma solução automatizada e eficiente para pesquisas de locais, utilizando as poderosas funcionalidades da API do Google Maps integradas com a interação facilitada pelo Telebot. A criação e envio de arquivos CSV proporcionam uma maneira estruturada e acessível de visualizar os resultados, atendendo a diversas necessidades de usuários e empresas.</description>
    </item>
    <item>
      <title>CoinCare</title>
      <link>//localhost:1313/posts/coincare/</link>
      <pubDate>Mon, 01 Jan 0001 00:00:00 +0000</pubDate>
      <guid>//localhost:1313/posts/coincare/</guid>
      <description>O CoinCare é um projeto de Extensão Curricular Universitária da UniFil. Uma ferramenta eficaz para gerenciar suas obrigações financeiras, facilitando o controle e o acompanhamento de suas despesas mensais.</description>
    </item>
    <item>
      <title>CultureLon</title>
      <link>//localhost:1313/posts/culturelon/</link>
      <pubDate>Mon, 01 Jan 0001 00:00:00 +0000</pubDate>
      <guid>//localhost:1313/posts/culturelon/</guid>
      <description>Sumário de seu projeto</description>
    </item>
    <item>
      <title>Jornada Binaria</title>
      <link>//localhost:1313/posts/jornadabinaria/</link>
      <pubDate>Mon, 01 Jan 0001 00:00:00 +0000</pubDate>
      <guid>//localhost:1313/posts/jornadabinaria/</guid>
      <description>O objetivo deste jogo é fazer o máximo de ponto possível, Os jogadores devem responder corretamente a perguntas relacionadas à programação para acumular pontos.</description>
    </item>
    <item>
      <title>LonHeal</title>
      <link>//localhost:1313/posts/lonheal/</link>
      <pubDate>Mon, 01 Jan 0001 00:00:00 +0000</pubDate>
      <guid>//localhost:1313/posts/lonheal/</guid>
      <description>Mapear todos os estabelecimentos na área da saúde, na região de Londrina-PR. Fornecer informações a respeito do horário de funcionamento de cada estabelecimento, bem como detalhes sobre as especialidades do local.</description>
    </item>
    <item>
      <title>Loop Legends</title>
      <link>//localhost:1313/posts/looplegends/</link>
      <pubDate>Mon, 01 Jan 0001 00:00:00 +0000</pubDate>
      <guid>//localhost:1313/posts/looplegends/</guid>
      <description>Jogo</description>
    </item>
    <item>
      <title>Nome do projeto</title>
      <link>//localhost:1313/posts/template/</link>
      <pubDate>Mon, 01 Jan 0001 00:00:00 +0000</pubDate>
      <guid>//localhost:1313/posts/template/</guid>
      <description>Sumário de seu projeto</description>
    </item>
    <item>
      <title>Notas&#43;</title>
      <link>//localhost:1313/posts/notas/</link>
      <pubDate>Mon, 01 Jan 0001 00:00:00 +0000</pubDate>
      <guid>//localhost:1313/posts/notas/</guid>
      <description>Inspirado pela simplicidade e eficácia de um quadro de lembretes com post-it, o Notas+ é uma aplicação de anotações que captura essa essência para resolver o desafio cotidiano de lembrar pequenos detalhes.</description>
    </item>
    <item>
      <title>Noxus</title>
      <link>//localhost:1313/posts/noxus/</link>
      <pubDate>Mon, 01 Jan 0001 00:00:00 +0000</pubDate>
      <guid>//localhost:1313/posts/noxus/</guid>
      <description>Otimize seu tempo com Noxus - o sistema de agendamento de laboratório eficiente e intuitivo. Simplifique sua rotina, agende experimentos em segundos e concentre-se no que realmente importa. Experimente agora!</description>
    </item>
    <item>
      <title>ONGWeb</title>
      <link>//localhost:1313/posts/ongweb/</link>
      <pubDate>Mon, 01 Jan 0001 00:00:00 +0000</pubDate>
      <guid>//localhost:1313/posts/ongweb/</guid>
      <description>O projeto ONGWeb fortalece ONGs com sites acessíveis e personalizados, destacando suas missões e promovendo escolhas conscientes.</description>
    </item>
    <item>
      <title>PharmeCalc</title>
      <link>//localhost:1313/posts/pharmecalc/</link>
      <pubDate>Mon, 01 Jan 0001 00:00:00 +0000</pubDate>
      <guid>//localhost:1313/posts/pharmecalc/</guid>
      <description>O PharmeCalc auxilia profissionais de saúde a calcular dosagens de medicamentos com precisão, prevenindo erros e promovendo a segurança do paciente.</description>
    </item>
    <item>
      <title>Pontes de Papel</title>
      <link>//localhost:1313/posts/pontes_de_papel/</link>
      <pubDate>Mon, 01 Jan 0001 00:00:00 +0000</pubDate>
      <guid>//localhost:1313/posts/pontes_de_papel/</guid>
      <description>Somos um projeto que visa ligar as pessoas que querem doar seus livros com as pessoas que querem ler os livros doados.</description>
    </item>
    <item>
      <title>Saúde em Foco</title>
      <link>//localhost:1313/posts/saude-em-foco/</link>
      <pubDate>Mon, 01 Jan 0001 00:00:00 +0000</pubDate>
      <guid>//localhost:1313/posts/saude-em-foco/</guid>
      <description>O Saúde em Foco fornece um guia virtual de cuidados de saúde de maneira simplificada para todos aqueles que procuram mais informações sobre determinada doença</description>
    </item>
    <item>
      <title>SimpleJourney</title>
      <link>//localhost:1313/posts/simplejourney/</link>
      <pubDate>Mon, 01 Jan 0001 00:00:00 +0000</pubDate>
      <guid>//localhost:1313/posts/simplejourney/</guid>
      <description>Projeto dedicado para compartilhar experiencias relacionadas ao aprendizado dentro da área de programação.</description>
    </item>
    <item>
      <title>Time to Focus ⏲️</title>
      <link>//localhost:1313/posts/time_to_focus/</link>
      <pubDate>Mon, 01 Jan 0001 00:00:00 +0000</pubDate>
      <guid>//localhost:1313/posts/time_to_focus/</guid>
      <description>Um projeto feito para a extensão curricular com o propósito de aumentar o foco do aluno.</description>
    </item>
  </channel>
</rss>
