<?xml version="1.0" encoding="utf-8" standalone="yes"?>
<rss version="2.0" xmlns:atom="http://www.w3.org/2005/Atom">
  <channel>
    <title>Estudo on AppStore UniFil</title>
    <link>//localhost:1313/tags/estudo/</link>
    <description>Recent content in Estudo on AppStore UniFil</description>
    <generator>Hugo</generator>
    <language>pt-br</language>
    <atom:link href="//localhost:1313/tags/estudo/index.xml" rel="self" type="application/rss+xml" />
    <item>
      <title>FlashFlare</title>
      <link>//localhost:1313/posts/flashflare/</link>
      <pubDate>Mon, 01 Jan 0001 00:00:00 +0000</pubDate>
      <guid>//localhost:1313/posts/flashflare/</guid>
      <description>Sobre o sistema Pelo evidente fato explorado e exposto por instituições, tal como a Associação Americana de Pesquisa Educacional e a Sociedade Internacional para Tecnologia em Educação, o uso de flashcards apresentou-se eficiente para estudos e memorização. Dessa forma, a criação de uma extensão do google culmina no objetivo de facilitar e incentivar o uso dessa técnica de estudos, o qual independe de barreiras bem como idade ou nicho acadêmico.</description>
    </item>
  </channel>
</rss>
