<?xml version="1.0" encoding="utf-8" standalone="yes"?>
<rss version="2.0" xmlns:atom="http://www.w3.org/2005/Atom">
  <channel>
    <title>Educação on AppStore UniFil</title>
    <link>//localhost:1313/tags/educa%C3%A7%C3%A3o/</link>
    <description>Recent content in Educação on AppStore UniFil</description>
    <generator>Hugo</generator>
    <language>pt-br</language>
    <lastBuildDate>Thu, 13 Jun 2024 11:54:38 -0300</lastBuildDate>
    <atom:link href="//localhost:1313/tags/educa%C3%A7%C3%A3o/index.xml" rel="self" type="application/rss+xml" />
    <item>
      <title>DietSync</title>
      <link>//localhost:1313/posts/dietsync/</link>
      <pubDate>Fri, 17 May 2024 00:00:00 +0000</pubDate>
      <guid>//localhost:1313/posts/dietsync/</guid>
      <description>Descubra um novo você com a DietSync, um sistema WEB que combina dietas suas dietas, treinos, receitas deliciosas e monitoramento da evolução das suas medidas. Tudo o que você precisa para alcançar seus objetivos de saúde e fitness em uma só plataforma!</description>
    </item>
    <item>
      <title>Alimente-se</title>
      <link>//localhost:1313/posts/alimente-se/</link>
      <pubDate>Mon, 01 Jan 0001 00:00:00 +0000</pubDate>
      <guid>//localhost:1313/posts/alimente-se/</guid>
      <description>Somos um projeto que visa combater a fome e o desperdício de alimentos, conectando doadores a comunidades carentes.</description>
    </item>
    <item>
      <title>Anki</title>
      <link>//localhost:1313/posts/anki/</link>
      <pubDate>Mon, 01 Jan 0001 00:00:00 +0000</pubDate>
      <guid>//localhost:1313/posts/anki/</guid>
      <description>O projeto Anki visa facilitar o aprendizado de japonese para iniciantes</description>
    </item>
    <item>
      <title>BeBetter</title>
      <link>//localhost:1313/posts/bebetter/</link>
      <pubDate>Mon, 01 Jan 0001 00:00:00 +0000</pubDate>
      <guid>//localhost:1313/posts/bebetter/</guid>
      <description>Um site voltado para o desenvolvimento pessoal e gerenciamento de tarefas, hábitos e rotinas</description>
    </item>
    <item>
      <title>CoinCare</title>
      <link>//localhost:1313/posts/coincare/</link>
      <pubDate>Mon, 01 Jan 0001 00:00:00 +0000</pubDate>
      <guid>//localhost:1313/posts/coincare/</guid>
      <description>O CoinCare é um projeto de Extensão Curricular Universitária da UniFil. Uma ferramenta eficaz para gerenciar suas obrigações financeiras, facilitando o controle e o acompanhamento de suas despesas mensais.</description>
    </item>
    <item>
      <title>Defend The Crown</title>
      <link>//localhost:1313/posts/defend_the_crown/</link>
      <pubDate>Mon, 01 Jan 0001 00:00:00 +0000</pubDate>
      <guid>//localhost:1313/posts/defend_the_crown/</guid>
      <description>O seguinte projeto se trata de um jogo de estratégia desenvolvido e pensado por 4 alunos do Centro Universitário Filadélfia (UniFil) para a disciplina de Extensão Curricular, sendo 3 estudantes do curso de graduação presencial de Ciência da Computação e 1 estudantes do curso de graduação EAD de Análise e Desenvolvimento de Sistemas.</description>
    </item>
    <item>
      <title>Desinutilizador</title>
      <link>//localhost:1313/posts/desinutilizador/</link>
      <pubDate>Mon, 01 Jan 0001 00:00:00 +0000</pubDate>
      <guid>//localhost:1313/posts/desinutilizador/</guid>
      <description>A Desinutilizador é uma plataforma web que oferece recomendações personalizadas de atividades para os usuários. Utiliza dados comportamentais e de personalidade para sugerir opções que se alinham com os interesses e habilidades individuais.</description>
    </item>
    <item>
      <title>FlashFlare</title>
      <link>//localhost:1313/posts/flashflare/</link>
      <pubDate>Mon, 01 Jan 0001 00:00:00 +0000</pubDate>
      <guid>//localhost:1313/posts/flashflare/</guid>
      <description>Pelo evidente fato explorado e exposto por instituições, tal como a Associação Americana de Pesquisa Educacional e a Sociedade Internacional para Tecnologia em Educação, o uso de flashcards apresentou-se eficiente para estudos e memorização</description>
    </item>
    <item>
      <title>Jornada Binaria</title>
      <link>//localhost:1313/posts/jornadabinaria/</link>
      <pubDate>Mon, 01 Jan 0001 00:00:00 +0000</pubDate>
      <guid>//localhost:1313/posts/jornadabinaria/</guid>
      <description>O objetivo deste jogo é fazer o máximo de ponto possível, Os jogadores devem responder corretamente a perguntas relacionadas à programação para acumular pontos.</description>
    </item>
    <item>
      <title>LonHeal</title>
      <link>//localhost:1313/posts/lonheal/</link>
      <pubDate>Mon, 01 Jan 0001 00:00:00 +0000</pubDate>
      <guid>//localhost:1313/posts/lonheal/</guid>
      <description>Mapear todos os estabelecimentos na área da saúde, na região de Londrina-PR. Fornecer informações a respeito do horário de funcionamento de cada estabelecimento, bem como detalhes sobre as especialidades do local.</description>
    </item>
    <item>
      <title>NewFake</title>
      <link>//localhost:1313/posts/newfake/</link>
      <pubDate>Mon, 01 Jan 0001 00:00:00 +0000</pubDate>
      <guid>//localhost:1313/posts/newfake/</guid>
      <description>Na diciplina de Práticas de Extensão, nós estudantes precisamos desenvolver um projeto que será compartilhado publicamente, para usufruto do corpo social. O NewFake será um aplicativo estilo HackerNews, mas voltado para o público leigo a tecnologia. Publicaremos, de forma automatizada ou não, informações sobre Databases vazadas, vulnerabilidades novas e dicas no geral para a segurança do usuário. Estaremos atendendo a comunidade e ajudando, por exemplo, possíveis vitimas de leaks feitos por hackers.</description>
    </item>
    <item>
      <title>Nome do projeto</title>
      <link>//localhost:1313/posts/template/</link>
      <pubDate>Mon, 01 Jan 0001 00:00:00 +0000</pubDate>
      <guid>//localhost:1313/posts/template/</guid>
      <description>Sumário de seu projeto</description>
    </item>
    <item>
      <title>Notas&#43;</title>
      <link>//localhost:1313/posts/notas/</link>
      <pubDate>Mon, 01 Jan 0001 00:00:00 +0000</pubDate>
      <guid>//localhost:1313/posts/notas/</guid>
      <description>Inspirado pela simplicidade e eficácia de um quadro de lembretes com post-it, o Notas+ é uma aplicação de anotações que captura essa essência para resolver o desafio cotidiano de lembrar pequenos detalhes.</description>
    </item>
    <item>
      <title>ONGWeb</title>
      <link>//localhost:1313/posts/ongweb/</link>
      <pubDate>Mon, 01 Jan 0001 00:00:00 +0000</pubDate>
      <guid>//localhost:1313/posts/ongweb/</guid>
      <description>O projeto ONGWeb fortalece ONGs com sites acessíveis e personalizados, destacando suas missões e promovendo escolhas conscientes.</description>
    </item>
    <item>
      <title>PharmeCalc</title>
      <link>//localhost:1313/posts/pharmecalc/</link>
      <pubDate>Mon, 01 Jan 0001 00:00:00 +0000</pubDate>
      <guid>//localhost:1313/posts/pharmecalc/</guid>
      <description>O PharmeCalc auxilia profissionais de saúde a calcular dosagens de medicamentos com precisão, prevenindo erros e promovendo a segurança do paciente.</description>
    </item>
    <item>
      <title>Pontes de Papel</title>
      <link>//localhost:1313/posts/pontes_de_papel/</link>
      <pubDate>Mon, 01 Jan 0001 00:00:00 +0000</pubDate>
      <guid>//localhost:1313/posts/pontes_de_papel/</guid>
      <description>Somos um projeto que visa ligar as pessoas que querem doar seus livros com as pessoas que querem ler os livros doados.</description>
    </item>
    <item>
      <title>They need to know him</title>
      <link>//localhost:1313/posts/they_need_to_know_him/</link>
      <pubDate>Mon, 01 Jan 0001 00:00:00 +0000</pubDate>
      <guid>//localhost:1313/posts/they_need_to_know_him/</guid>
      <description>Sobre o projeto Somos estudantes da área da computação da UniFil e desenvolvemos o Projeto de Extensão They Need to Know Him. O objetivo do Projeto de Extensão é impactar positivamente a comunidade a fim de auxiliar na busca por Deus. O Projeto de Extensão Universitário é um projeto que visa atender as demandas da sociedade com base nos conhecimentos adquiridos pelos alunos durante o período de estudos na instituição. Assim, constitui-se de uma ação conjunta entre a universidade, os estudantes e a comunidade visada.</description>
    </item>
    <item>
      <title>Time to Focus ⏲️</title>
      <link>//localhost:1313/posts/time_to_focus/</link>
      <pubDate>Mon, 01 Jan 0001 00:00:00 +0000</pubDate>
      <guid>//localhost:1313/posts/time_to_focus/</guid>
      <description>Um projeto feito para a extensão curricular com o propósito de aumentar o foco do aluno.</description>
    </item>
  </channel>
</rss>
