<?xml version="1.0" encoding="utf-8" standalone="yes"?>
<rss version="2.0" xmlns:atom="http://www.w3.org/2005/Atom">
  <channel>
    <title>Cultura on AppStore UniFil</title>
    <link>//localhost:1313/tags/cultura/</link>
    <description>Recent content in Cultura on AppStore UniFil</description>
    <generator>Hugo</generator>
    <language>pt-br</language>
    <atom:link href="//localhost:1313/tags/cultura/index.xml" rel="self" type="application/rss+xml" />
    <item>
      <title>Alimente-se</title>
      <link>//localhost:1313/posts/alimente-se/</link>
      <pubDate>Mon, 01 Jan 0001 00:00:00 +0000</pubDate>
      <guid>//localhost:1313/posts/alimente-se/</guid>
      <description>Somos um projeto que visa combater a fome e o desperdício de alimentos, conectando doadores a comunidades carentes.</description>
    </item>
    <item>
      <title>AutoLead - UnionDev</title>
      <link>//localhost:1313/posts/uniondev/</link>
      <pubDate>Mon, 01 Jan 0001 00:00:00 +0000</pubDate>
      <guid>//localhost:1313/posts/uniondev/</guid>
      <description>Este projeto oferece uma solução automatizada e eficiente para pesquisas de locais, utilizando as poderosas funcionalidades da API do Google Maps integradas com a interação facilitada pelo Telebot. A criação e envio de arquivos CSV proporcionam uma maneira estruturada e acessível de visualizar os resultados, atendendo a diversas necessidades de usuários e empresas.</description>
    </item>
    <item>
      <title>CultureLon</title>
      <link>//localhost:1313/posts/culturelon/</link>
      <pubDate>Mon, 01 Jan 0001 00:00:00 +0000</pubDate>
      <guid>//localhost:1313/posts/culturelon/</guid>
      <description>Sumário de seu projeto</description>
    </item>
    <item>
      <title>Desinutilizador</title>
      <link>//localhost:1313/posts/desinutilizador/</link>
      <pubDate>Mon, 01 Jan 0001 00:00:00 +0000</pubDate>
      <guid>//localhost:1313/posts/desinutilizador/</guid>
      <description>A Desinutilizador é uma plataforma web que oferece recomendações personalizadas de atividades para os usuários. Utiliza dados comportamentais e de personalidade para sugerir opções que se alinham com os interesses e habilidades individuais.</description>
    </item>
    <item>
      <title>FlashFlare</title>
      <link>//localhost:1313/posts/flashflare/</link>
      <pubDate>Mon, 01 Jan 0001 00:00:00 +0000</pubDate>
      <guid>//localhost:1313/posts/flashflare/</guid>
      <description>Sobre o sistema Pelo evidente fato explorado e exposto por instituições, tal como a Associação Americana de Pesquisa Educacional e a Sociedade Internacional para Tecnologia em Educação, o uso de flashcards apresentou-se eficiente para estudos e memorização. Dessa forma, a criação de uma extensão do google culmina no objetivo de facilitar e incentivar o uso dessa técnica de estudos, o qual independe de barreiras bem como idade ou nicho acadêmico.</description>
    </item>
    <item>
      <title>Jornada Binaria</title>
      <link>//localhost:1313/posts/jornadabinaria/</link>
      <pubDate>Mon, 01 Jan 0001 00:00:00 +0000</pubDate>
      <guid>//localhost:1313/posts/jornadabinaria/</guid>
      <description>O objetivo deste jogo é fazer o máximo de ponto possível, Os jogadores devem responder corretamente a perguntas relacionadas à programação para acumular pontos.</description>
    </item>
    <item>
      <title>LonHeal</title>
      <link>//localhost:1313/posts/lonheal/</link>
      <pubDate>Mon, 01 Jan 0001 00:00:00 +0000</pubDate>
      <guid>//localhost:1313/posts/lonheal/</guid>
      <description>Mapear todos os estabelecimentos na área da saúde, na região de Londrina-PR. Fornecer informações a respeito do horário de funcionamento de cada estabelecimento, bem como detalhes sobre as especialidades do local.</description>
    </item>
    <item>
      <title>Nome do projeto</title>
      <link>//localhost:1313/posts/template/</link>
      <pubDate>Mon, 01 Jan 0001 00:00:00 +0000</pubDate>
      <guid>//localhost:1313/posts/template/</guid>
      <description>Sumário de seu projeto</description>
    </item>
    <item>
      <title>Pontes de Papel</title>
      <link>//localhost:1313/posts/pontes_de_papel/</link>
      <pubDate>Mon, 01 Jan 0001 00:00:00 +0000</pubDate>
      <guid>//localhost:1313/posts/pontes_de_papel/</guid>
      <description>Somos um projeto que visa ligar as pessoas que querem doar seus livros com as pessoas que querem ler os livros doados.</description>
    </item>
    <item>
      <title>SimpleJourney</title>
      <link>//localhost:1313/posts/simplejourney/</link>
      <pubDate>Mon, 01 Jan 0001 00:00:00 +0000</pubDate>
      <guid>//localhost:1313/posts/simplejourney/</guid>
      <description>Projeto dedicado para compartilhar experiencias relacionadas ao aprendizado dentro da área de programação.</description>
    </item>
    <item>
      <title>They need to know him</title>
      <link>//localhost:1313/posts/they_need_to_know_him/</link>
      <pubDate>Mon, 01 Jan 0001 00:00:00 +0000</pubDate>
      <guid>//localhost:1313/posts/they_need_to_know_him/</guid>
      <description>Sobre o projeto Somos estudantes da área da computação da UniFil e desenvolvemos o Projeto de Extensão They Need to Know Him. O objetivo do Projeto de Extensão é impactar positivamente a comunidade a fim de auxiliar na busca por Deus. O Projeto de Extensão Universitário é um projeto que visa atender as demandas da sociedade com base nos conhecimentos adquiridos pelos alunos durante o período de estudos na instituição. Assim, constitui-se de uma ação conjunta entre a universidade, os estudantes e a comunidade visada.</description>
    </item>
  </channel>
</rss>
