<?xml version="1.0" encoding="utf-8" standalone="yes"?>
<rss version="2.0" xmlns:atom="http://www.w3.org/2005/Atom">
  <channel>
    <title>Categories on AppStore UniFil</title>
    <link>//localhost:1313/categories/</link>
    <description>Recent content in Categories on AppStore UniFil</description>
    <generator>Hugo</generator>
    <language>pt-br</language>
    <atom:link href="//localhost:1313/categories/index.xml" rel="self" type="application/rss+xml" />
    <item>
      <title>Blog</title>
      <link>//localhost:1313/categories/blog/</link>
      <pubDate>Mon, 01 Jan 0001 00:00:00 +0000</pubDate>
      <guid>//localhost:1313/categories/blog/</guid>
      <description></description>
    </item>
  </channel>
</rss>
