<?xml version="1.0" encoding="utf-8" standalone="yes"?>
<rss version="2.0" xmlns:atom="http://www.w3.org/2005/Atom">
  <channel>
    <title>Fake News on AppStore UniFil</title>
    <link>//localhost:1313/tags/fake-news/</link>
    <description>Recent content in Fake News on AppStore UniFil</description>
    <generator>Hugo</generator>
    <language>pt-br</language>
    <atom:link href="//localhost:1313/tags/fake-news/index.xml" rel="self" type="application/rss+xml" />
    <item>
      <title>NewFake</title>
      <link>//localhost:1313/posts/newfake/</link>
      <pubDate>Mon, 01 Jan 0001 00:00:00 +0000</pubDate>
      <guid>//localhost:1313/posts/newfake/</guid>
      <description>Na diciplina de Práticas de Extensão, nós estudantes precisamos desenvolver um projeto que será compartilhado publicamente, para usufruto do corpo social. O NewFake será um aplicativo estilo HackerNews, mas voltado para o público leigo a tecnologia. Publicaremos, de forma automatizada ou não, informações sobre Databases vazadas, vulnerabilidades novas e dicas no geral para a segurança do usuário. Estaremos atendendo a comunidade e ajudando, por exemplo, possíveis vitimas de leaks feitos por hackers.</description>
    </item>
  </channel>
</rss>
