<?xml version="1.0" encoding="utf-8" standalone="yes"?>
<rss version="2.0" xmlns:atom="http://www.w3.org/2005/Atom">
  <channel>
    <title>ES on AppStore UniFil</title>
    <link>//localhost:1313/tags/es/</link>
    <description>Recent content in ES on AppStore UniFil</description>
    <generator>Hugo</generator>
    <language>pt-br</language>
    <atom:link href="//localhost:1313/tags/es/index.xml" rel="self" type="application/rss+xml" />
    <item>
      <title>Anki</title>
      <link>//localhost:1313/posts/anki/</link>
      <pubDate>Mon, 01 Jan 0001 00:00:00 +0000</pubDate>
      <guid>//localhost:1313/posts/anki/</guid>
      <description>O projeto Anki visa facilitar o aprendizado de japonese para iniciantes</description>
    </item>
    <item>
      <title>AutoLead - UnionDev</title>
      <link>//localhost:1313/posts/uniondev/</link>
      <pubDate>Mon, 01 Jan 0001 00:00:00 +0000</pubDate>
      <guid>//localhost:1313/posts/uniondev/</guid>
      <description>Este projeto oferece uma solução automatizada e eficiente para pesquisas de locais, utilizando as poderosas funcionalidades da API do Google Maps integradas com a interação facilitada pelo Telebot. A criação e envio de arquivos CSV proporcionam uma maneira estruturada e acessível de visualizar os resultados, atendendo a diversas necessidades de usuários e empresas.</description>
    </item>
    <item>
      <title>BeBetter</title>
      <link>//localhost:1313/posts/bebetter/</link>
      <pubDate>Mon, 01 Jan 0001 00:00:00 +0000</pubDate>
      <guid>//localhost:1313/posts/bebetter/</guid>
      <description>Um site voltado para o desenvolvimento pessoal e gerenciamento de tarefas, hábitos e rotinas</description>
    </item>
    <item>
      <title>CoinCare</title>
      <link>//localhost:1313/posts/coincare/</link>
      <pubDate>Mon, 01 Jan 0001 00:00:00 +0000</pubDate>
      <guid>//localhost:1313/posts/coincare/</guid>
      <description>O CoinCare é um projeto de Extensão Curricular Universitária da UniFil. Uma ferramenta eficaz para gerenciar suas obrigações financeiras, facilitando o controle e o acompanhamento de suas despesas mensais.</description>
    </item>
    <item>
      <title>CultureLon</title>
      <link>//localhost:1313/posts/culturelon/</link>
      <pubDate>Mon, 01 Jan 0001 00:00:00 +0000</pubDate>
      <guid>//localhost:1313/posts/culturelon/</guid>
      <description>O CultureLon nasceu de uma vontade simples. Facilitar o acesso às informações sobre os eventos rolando em Londrina. A gente percebeu que, muitas vezes, perdíamos eventos incríveis só porque não sabíamos que estavam acontecendo. Pensamos E se houvesse um lugar único onde você pudesse descobrir o que tá rolando na cidade? E assim, o CultureLon veio à vida!</description>
    </item>
    <item>
      <title>FlashFlare</title>
      <link>//localhost:1313/posts/flashflare/</link>
      <pubDate>Mon, 01 Jan 0001 00:00:00 +0000</pubDate>
      <guid>//localhost:1313/posts/flashflare/</guid>
      <description>Pelo evidente fato explorado e exposto por instituições, tal como a Associação Americana de Pesquisa Educacional e a Sociedade Internacional para Tecnologia em Educação, o uso de flashcards apresentou-se eficiente para estudos e memorização</description>
    </item>
    <item>
      <title>LonHeal</title>
      <link>//localhost:1313/posts/lonheal/</link>
      <pubDate>Mon, 01 Jan 0001 00:00:00 +0000</pubDate>
      <guid>//localhost:1313/posts/lonheal/</guid>
      <description>Mapear todos os estabelecimentos na área da saúde, na região de Londrina-PR. Fornecer informações a respeito do horário de funcionamento de cada estabelecimento, bem como detalhes sobre as especialidades do local.</description>
    </item>
    <item>
      <title>NewFake</title>
      <link>//localhost:1313/posts/newfake/</link>
      <pubDate>Mon, 01 Jan 0001 00:00:00 +0000</pubDate>
      <guid>//localhost:1313/posts/newfake/</guid>
      <description>Na diciplina de Práticas de Extensão, nós estudantes precisamos desenvolver um projeto que será compartilhado publicamente, para usufruto do corpo social. O NewFake será um aplicativo estilo HackerNews, mas voltado para o público leigo a tecnologia. Publicaremos, de forma automatizada ou não, informações sobre Databases vazadas, vulnerabilidades novas e dicas no geral para a segurança do usuário. Estaremos atendendo a comunidade e ajudando, por exemplo, possíveis vitimas de leaks feitos por hackers.</description>
    </item>
    <item>
      <title>Nome do projeto</title>
      <link>//localhost:1313/posts/template/</link>
      <pubDate>Mon, 01 Jan 0001 00:00:00 +0000</pubDate>
      <guid>//localhost:1313/posts/template/</guid>
      <description>Sumário de seu projeto</description>
    </item>
    <item>
      <title>Notas&#43;</title>
      <link>//localhost:1313/posts/notas/</link>
      <pubDate>Mon, 01 Jan 0001 00:00:00 +0000</pubDate>
      <guid>//localhost:1313/posts/notas/</guid>
      <description>Inspirado pela simplicidade e eficácia de um quadro de lembretes com post-it, o Notas+ é uma aplicação de anotações que captura essa essência para resolver o desafio cotidiano de lembrar pequenos detalhes.</description>
    </item>
    <item>
      <title>Noxus</title>
      <link>//localhost:1313/posts/noxus/</link>
      <pubDate>Mon, 01 Jan 0001 00:00:00 +0000</pubDate>
      <guid>//localhost:1313/posts/noxus/</guid>
      <description>Otimize seu tempo com Noxus - o sistema de agendamento de laboratório eficiente e intuitivo. Simplifique sua rotina, agende experimentos em segundos e concentre-se no que realmente importa. Experimente agora!</description>
    </item>
    <item>
      <title>PharmeCalc</title>
      <link>//localhost:1313/posts/pharmecalc/</link>
      <pubDate>Mon, 01 Jan 0001 00:00:00 +0000</pubDate>
      <guid>//localhost:1313/posts/pharmecalc/</guid>
      <description>O PharmeCalc auxilia profissionais de saúde a calcular dosagens de medicamentos com precisão, prevenindo erros e promovendo a segurança do paciente.</description>
    </item>
    <item>
      <title>Pontes de Papel</title>
      <link>//localhost:1313/posts/pontes_de_papel/</link>
      <pubDate>Mon, 01 Jan 0001 00:00:00 +0000</pubDate>
      <guid>//localhost:1313/posts/pontes_de_papel/</guid>
      <description>Somos um projeto que visa ligar as pessoas que querem doar seus livros com as pessoas que querem ler os livros doados.</description>
    </item>
    <item>
      <title>Saúde em Foco</title>
      <link>//localhost:1313/posts/saude-em-foco/</link>
      <pubDate>Mon, 01 Jan 0001 00:00:00 +0000</pubDate>
      <guid>//localhost:1313/posts/saude-em-foco/</guid>
      <description>O Saúde em Foco fornece um guia virtual de cuidados de saúde de maneira simplificada para todos aqueles que procuram mais informações sobre determinada doença</description>
    </item>
    <item>
      <title>SimpleJourney</title>
      <link>//localhost:1313/posts/simplejourney/</link>
      <pubDate>Mon, 01 Jan 0001 00:00:00 +0000</pubDate>
      <guid>//localhost:1313/posts/simplejourney/</guid>
      <description>Projeto dedicado para compartilhar experiencias relacionadas ao aprendizado dentro da área de programação.</description>
    </item>
    <item>
      <title>They need to know him</title>
      <link>//localhost:1313/posts/they_need_to_know_him/</link>
      <pubDate>Mon, 01 Jan 0001 00:00:00 +0000</pubDate>
      <guid>//localhost:1313/posts/they_need_to_know_him/</guid>
      <description>Sobre o projeto Somos estudantes da área da computação da UniFil e desenvolvemos o Projeto de Extensão They Need to Know Him. O objetivo do Projeto de Extensão é impactar positivamente a comunidade a fim de auxiliar na busca por Deus. O Projeto de Extensão Universitário é um projeto que visa atender as demandas da sociedade com base nos conhecimentos adquiridos pelos alunos durante o período de estudos na instituição. Assim, constitui-se de uma ação conjunta entre a universidade, os estudantes e a comunidade visada.</description>
    </item>
    <item>
      <title>Time to Focus ⏲️</title>
      <link>//localhost:1313/posts/time_to_focus/</link>
      <pubDate>Mon, 01 Jan 0001 00:00:00 +0000</pubDate>
      <guid>//localhost:1313/posts/time_to_focus/</guid>
      <description>Um projeto feito para a extensão curricular com o propósito de aumentar o foco do aluno.</description>
    </item>
  </channel>
</rss>
