<?xml version="1.0" encoding="utf-8" standalone="yes"?>
<rss version="2.0" xmlns:atom="http://www.w3.org/2005/Atom">
  <channel>
    <title>Tags on AppStore UniFil</title>
    <link>//localhost:1313/tags/</link>
    <description>Recent content in Tags on AppStore UniFil</description>
    <generator>Hugo</generator>
    <language>pt-br</language>
    <lastBuildDate>Thu, 23 May 2024 21:07:54 -0300</lastBuildDate>
    <atom:link href="//localhost:1313/tags/index.xml" rel="self" type="application/rss+xml" />
    <item>
      <title>Academia</title>
      <link>//localhost:1313/tags/academia/</link>
      <pubDate>Mon, 01 Jan 0001 00:00:00 +0000</pubDate>
      <guid>//localhost:1313/tags/academia/</guid>
      <description></description>
    </item>
    <item>
      <title>CC</title>
      <link>//localhost:1313/tags/cc/</link>
      <pubDate>Mon, 01 Jan 0001 00:00:00 +0000</pubDate>
      <guid>//localhost:1313/tags/cc/</guid>
      <description></description>
    </item>
    <item>
      <title>Ciência</title>
      <link>//localhost:1313/tags/ci%C3%AAncia/</link>
      <pubDate>Mon, 01 Jan 0001 00:00:00 +0000</pubDate>
      <guid>//localhost:1313/tags/ci%C3%AAncia/</guid>
      <description></description>
    </item>
    <item>
      <title>Dietas</title>
      <link>//localhost:1313/tags/dietas/</link>
      <pubDate>Mon, 01 Jan 0001 00:00:00 +0000</pubDate>
      <guid>//localhost:1313/tags/dietas/</guid>
      <description></description>
    </item>
    <item>
      <title>Educação</title>
      <link>//localhost:1313/tags/educa%C3%A7%C3%A3o/</link>
      <pubDate>Mon, 01 Jan 0001 00:00:00 +0000</pubDate>
      <guid>//localhost:1313/tags/educa%C3%A7%C3%A3o/</guid>
      <description></description>
    </item>
    <item>
      <title>Nutrição</title>
      <link>//localhost:1313/tags/nutri%C3%A7%C3%A3o/</link>
      <pubDate>Mon, 01 Jan 0001 00:00:00 +0000</pubDate>
      <guid>//localhost:1313/tags/nutri%C3%A7%C3%A3o/</guid>
      <description></description>
    </item>
    <item>
      <title>Saúde</title>
      <link>//localhost:1313/tags/sa%C3%BAde/</link>
      <pubDate>Mon, 01 Jan 0001 00:00:00 +0000</pubDate>
      <guid>//localhost:1313/tags/sa%C3%BAde/</guid>
      <description></description>
    </item>
    <item>
      <title>Tecnologia</title>
      <link>//localhost:1313/tags/tecnologia/</link>
      <pubDate>Mon, 01 Jan 0001 00:00:00 +0000</pubDate>
      <guid>//localhost:1313/tags/tecnologia/</guid>
      <description></description>
    </item>
    <item>
      <title>Treinos</title>
      <link>//localhost:1313/tags/treinos/</link>
      <pubDate>Mon, 01 Jan 0001 00:00:00 +0000</pubDate>
      <guid>//localhost:1313/tags/treinos/</guid>
      <description></description>
    </item>
    <item>
      <title>Vida</title>
      <link>//localhost:1313/tags/vida/</link>
      <pubDate>Mon, 01 Jan 0001 00:00:00 +0000</pubDate>
      <guid>//localhost:1313/tags/vida/</guid>
      <description></description>
    </item>
    <item>
      <title>ADS</title>
      <link>//localhost:1313/tags/ads/</link>
      <pubDate>Mon, 01 Jan 0001 00:00:00 +0000</pubDate>
      <guid>//localhost:1313/tags/ads/</guid>
      <description></description>
    </item>
    <item>
      <title>Alocação</title>
      <link>//localhost:1313/tags/aloca%C3%A7%C3%A3o/</link>
      <pubDate>Mon, 01 Jan 0001 00:00:00 +0000</pubDate>
      <guid>//localhost:1313/tags/aloca%C3%A7%C3%A3o/</guid>
      <description></description>
    </item>
    <item>
      <title>Atividades</title>
      <link>//localhost:1313/tags/atividades/</link>
      <pubDate>Mon, 01 Jan 0001 00:00:00 +0000</pubDate>
      <guid>//localhost:1313/tags/atividades/</guid>
      <description></description>
    </item>
    <item>
      <title>Bíblia</title>
      <link>//localhost:1313/tags/b%C3%ADblia/</link>
      <pubDate>Mon, 01 Jan 0001 00:00:00 +0000</pubDate>
      <guid>//localhost:1313/tags/b%C3%ADblia/</guid>
      <description></description>
    </item>
    <item>
      <title>Cultura</title>
      <link>//localhost:1313/tags/cultura/</link>
      <pubDate>Mon, 01 Jan 0001 00:00:00 +0000</pubDate>
      <guid>//localhost:1313/tags/cultura/</guid>
      <description></description>
    </item>
    <item>
      <title>Economia</title>
      <link>//localhost:1313/tags/economia/</link>
      <pubDate>Mon, 01 Jan 0001 00:00:00 +0000</pubDate>
      <guid>//localhost:1313/tags/economia/</guid>
      <description></description>
    </item>
    <item>
      <title>Entretenimento</title>
      <link>//localhost:1313/tags/entretenimento/</link>
      <pubDate>Mon, 01 Jan 0001 00:00:00 +0000</pubDate>
      <guid>//localhost:1313/tags/entretenimento/</guid>
      <description></description>
    </item>
    <item>
      <title>ES</title>
      <link>//localhost:1313/tags/es/</link>
      <pubDate>Mon, 01 Jan 0001 00:00:00 +0000</pubDate>
      <guid>//localhost:1313/tags/es/</guid>
      <description></description>
    </item>
    <item>
      <title>Estudo</title>
      <link>//localhost:1313/tags/estudo/</link>
      <pubDate>Mon, 01 Jan 0001 00:00:00 +0000</pubDate>
      <guid>//localhost:1313/tags/estudo/</guid>
      <description></description>
    </item>
    <item>
      <title>Facilidade De Uso</title>
      <link>//localhost:1313/tags/facilidade-de-uso/</link>
      <pubDate>Mon, 01 Jan 0001 00:00:00 +0000</pubDate>
      <guid>//localhost:1313/tags/facilidade-de-uso/</guid>
      <description></description>
    </item>
    <item>
      <title>Fake News</title>
      <link>//localhost:1313/tags/fake-news/</link>
      <pubDate>Mon, 01 Jan 0001 00:00:00 +0000</pubDate>
      <guid>//localhost:1313/tags/fake-news/</guid>
      <description></description>
    </item>
    <item>
      <title>Finanças</title>
      <link>//localhost:1313/tags/finan%C3%A7as/</link>
      <pubDate>Mon, 01 Jan 0001 00:00:00 +0000</pubDate>
      <guid>//localhost:1313/tags/finan%C3%A7as/</guid>
      <description></description>
    </item>
    <item>
      <title>Gestão De Laboratórios</title>
      <link>//localhost:1313/tags/gest%C3%A3o-de-laborat%C3%B3rios/</link>
      <pubDate>Mon, 01 Jan 0001 00:00:00 +0000</pubDate>
      <guid>//localhost:1313/tags/gest%C3%A3o-de-laborat%C3%B3rios/</guid>
      <description></description>
    </item>
    <item>
      <title>Hábitos</title>
      <link>//localhost:1313/tags/h%C3%A1bitos/</link>
      <pubDate>Mon, 01 Jan 0001 00:00:00 +0000</pubDate>
      <guid>//localhost:1313/tags/h%C3%A1bitos/</guid>
      <description></description>
    </item>
    <item>
      <title>Hobby</title>
      <link>//localhost:1313/tags/hobby/</link>
      <pubDate>Mon, 01 Jan 0001 00:00:00 +0000</pubDate>
      <guid>//localhost:1313/tags/hobby/</guid>
      <description></description>
    </item>
    <item>
      <title>IA</title>
      <link>//localhost:1313/tags/ia/</link>
      <pubDate>Mon, 01 Jan 0001 00:00:00 +0000</pubDate>
      <guid>//localhost:1313/tags/ia/</guid>
      <description></description>
    </item>
    <item>
      <title>Jesus</title>
      <link>//localhost:1313/tags/jesus/</link>
      <pubDate>Mon, 01 Jan 0001 00:00:00 +0000</pubDate>
      <guid>//localhost:1313/tags/jesus/</guid>
      <description></description>
    </item>
    <item>
      <title>Jogo</title>
      <link>//localhost:1313/tags/jogo/</link>
      <pubDate>Mon, 01 Jan 0001 00:00:00 +0000</pubDate>
      <guid>//localhost:1313/tags/jogo/</guid>
      <description></description>
    </item>
    <item>
      <title>Laboratório</title>
      <link>//localhost:1313/tags/laborat%C3%B3rio/</link>
      <pubDate>Mon, 01 Jan 0001 00:00:00 +0000</pubDate>
      <guid>//localhost:1313/tags/laborat%C3%B3rio/</guid>
      <description></description>
    </item>
    <item>
      <title>Livros</title>
      <link>//localhost:1313/tags/livros/</link>
      <pubDate>Mon, 01 Jan 0001 00:00:00 +0000</pubDate>
      <guid>//localhost:1313/tags/livros/</guid>
      <description></description>
    </item>
    <item>
      <title>LonHeal</title>
      <link>//localhost:1313/tags/lonheal/</link>
      <pubDate>Mon, 01 Jan 0001 00:00:00 +0000</pubDate>
      <guid>//localhost:1313/tags/lonheal/</guid>
      <description></description>
    </item>
    <item>
      <title>Mapa</title>
      <link>//localhost:1313/tags/mapa/</link>
      <pubDate>Mon, 01 Jan 0001 00:00:00 +0000</pubDate>
      <guid>//localhost:1313/tags/mapa/</guid>
      <description></description>
    </item>
    <item>
      <title>Memorização</title>
      <link>//localhost:1313/tags/memoriza%C3%A7%C3%A3o/</link>
      <pubDate>Mon, 01 Jan 0001 00:00:00 +0000</pubDate>
      <guid>//localhost:1313/tags/memoriza%C3%A7%C3%A3o/</guid>
      <description></description>
    </item>
    <item>
      <title>Organização</title>
      <link>//localhost:1313/tags/organiza%C3%A7%C3%A3o/</link>
      <pubDate>Mon, 01 Jan 0001 00:00:00 +0000</pubDate>
      <guid>//localhost:1313/tags/organiza%C3%A7%C3%A3o/</guid>
      <description></description>
    </item>
    <item>
      <title>Quiz</title>
      <link>//localhost:1313/tags/quiz/</link>
      <pubDate>Mon, 01 Jan 0001 00:00:00 +0000</pubDate>
      <guid>//localhost:1313/tags/quiz/</guid>
      <description></description>
    </item>
    <item>
      <title>Rotina</title>
      <link>//localhost:1313/tags/rotina/</link>
      <pubDate>Mon, 01 Jan 0001 00:00:00 +0000</pubDate>
      <guid>//localhost:1313/tags/rotina/</guid>
      <description></description>
    </item>
    <item>
      <title>Software</title>
      <link>//localhost:1313/tags/software/</link>
      <pubDate>Mon, 01 Jan 0001 00:00:00 +0000</pubDate>
      <guid>//localhost:1313/tags/software/</guid>
      <description></description>
    </item>
    <item>
      <title>Tarefas</title>
      <link>//localhost:1313/tags/tarefas/</link>
      <pubDate>Mon, 01 Jan 0001 00:00:00 +0000</pubDate>
      <guid>//localhost:1313/tags/tarefas/</guid>
      <description></description>
    </item>
    <item>
      <title>Utilizador</title>
      <link>//localhost:1313/tags/utilizador/</link>
      <pubDate>Mon, 01 Jan 0001 00:00:00 +0000</pubDate>
      <guid>//localhost:1313/tags/utilizador/</guid>
      <description></description>
    </item>
  </channel>
</rss>
