<?xml version="1.0" encoding="utf-8" standalone="yes"?>
<rss version="2.0" xmlns:atom="http://www.w3.org/2005/Atom">
  <channel>
    <title>Blog on AppStore UniFil</title>
    <link>//localhost:1313/tags/blog/</link>
    <description>Recent content in Blog on AppStore UniFil</description>
    <generator>Hugo</generator>
    <language>pt-br</language>
    <lastBuildDate>Fri, 03 May 2024 11:19:17 -0300</lastBuildDate>
    <atom:link href="//localhost:1313/tags/blog/index.xml" rel="self" type="application/rss+xml" />
    <item>
      <title>Blog Post 2</title>
      <link>//localhost:1313/posts/blog-post-2/</link>
      <pubDate>Sat, 18 Dec 2021 11:10:36 +0800</pubDate>
      <guid>//localhost:1313/posts/blog-post-2/</guid>
      <description>Lorem ipsum dolor sit amet, consectetur adipiscing elit. Sed cursus, odio nec venenatis lacinia, lacus lectus varius nisi, in tristique mi purus ut libero.</description>
    </item>
    <item>
      <title>Blog Post 3</title>
      <link>//localhost:1313/posts/blog-post-3/</link>
      <pubDate>Sat, 18 Dec 2021 11:10:36 +0800</pubDate>
      <guid>//localhost:1313/posts/blog-post-3/</guid>
      <description>Lorem ipsum dolor sit amet, consectetur adipiscing elit. Sed cursus, odio nec venenatis lacinia, lacus lectus varius nisi, in tristique mi purus ut libero.</description>
    </item>
  </channel>
</rss>
