<?xml version="1.0" encoding="utf-8" standalone="yes"?>
<rss version="2.0" xmlns:atom="http://www.w3.org/2005/Atom">
  <channel>
    <title>Livros on AppStore UniFil</title>
    <link>//localhost:1313/tags/livros/</link>
    <description>Recent content in Livros on AppStore UniFil</description>
    <generator>Hugo</generator>
    <language>pt-br</language>
    <atom:link href="//localhost:1313/tags/livros/index.xml" rel="self" type="application/rss+xml" />
    <item>
      <title>Pontes de Papel</title>
      <link>//localhost:1313/posts/pontes_de_papel/</link>
      <pubDate>Mon, 01 Jan 0001 00:00:00 +0000</pubDate>
      <guid>//localhost:1313/posts/pontes_de_papel/</guid>
      <description>Somos um projeto que visa ligar as pessoas que querem doar seus livros com as pessoas que querem ler os livros doados.</description>
    </item>
  </channel>
</rss>
