<?xml version="1.0" encoding="utf-8" standalone="yes"?>
<rss version="2.0" xmlns:atom="http://www.w3.org/2005/Atom">
  <channel>
    <title>IA on AppStore UniFil</title>
    <link>//localhost:1313/tags/ia/</link>
    <description>Recent content in IA on AppStore UniFil</description>
    <generator>Hugo</generator>
    <language>pt-br</language>
    <atom:link href="//localhost:1313/tags/ia/index.xml" rel="self" type="application/rss+xml" />
    <item>
      <title>AutoLead - UnionDev</title>
      <link>//localhost:1313/posts/uniondev/</link>
      <pubDate>Mon, 01 Jan 0001 00:00:00 +0000</pubDate>
      <guid>//localhost:1313/posts/uniondev/</guid>
      <description>Este projeto oferece uma solução automatizada e eficiente para pesquisas de locais, utilizando as poderosas funcionalidades da API do Google Maps integradas com a interação facilitada pelo Telebot. A criação e envio de arquivos CSV proporcionam uma maneira estruturada e acessível de visualizar os resultados, atendendo a diversas necessidades de usuários e empresas.</description>
    </item>
    <item>
      <title>LonHeal</title>
      <link>//localhost:1313/posts/lonheal/</link>
      <pubDate>Mon, 01 Jan 0001 00:00:00 +0000</pubDate>
      <guid>//localhost:1313/posts/lonheal/</guid>
      <description>Mapear todos os estabelecimentos na área da saúde, na região de Londrina-PR. Fornecer informações a respeito do horário de funcionamento de cada estabelecimento, bem como detalhes sobre as especialidades do local.</description>
    </item>
    <item>
      <title>Nome do projeto</title>
      <link>//localhost:1313/posts/template/</link>
      <pubDate>Mon, 01 Jan 0001 00:00:00 +0000</pubDate>
      <guid>//localhost:1313/posts/template/</guid>
      <description>Sumário de seu projeto</description>
    </item>
    <item>
      <title>SimpleJourney</title>
      <link>//localhost:1313/posts/simplejourney/</link>
      <pubDate>Mon, 01 Jan 0001 00:00:00 +0000</pubDate>
      <guid>//localhost:1313/posts/simplejourney/</guid>
      <description>Projeto dedicado para compartilhar experiencias relacionadas ao aprendizado dentro da área de programação.</description>
    </item>
  </channel>
</rss>
