<?xml version="1.0" encoding="utf-8" standalone="yes"?>
<rss version="2.0" xmlns:atom="http://www.w3.org/2005/Atom">
  <channel>
    <title>Tags on AppStore UniFil</title>
    <link>//localhost:1313/tags/</link>
    <description>Recent content in Tags on AppStore UniFil</description>
    <generator>Hugo</generator>
    <language>pt-br</language>
    <lastBuildDate>Thu, 13 Jun 2024 11:54:38 -0300</lastBuildDate>
    <atom:link href="//localhost:1313/tags/index.xml" rel="self" type="application/rss+xml" />
    <item>
      <title>CC</title>
      <link>//localhost:1313/tags/cc/</link>
      <pubDate>Mon, 01 Jan 0001 00:00:00 +0000</pubDate>
      <guid>//localhost:1313/tags/cc/</guid>
      <description></description>
    </item>
    <item>
      <title>Ciência</title>
      <link>//localhost:1313/tags/ci%C3%AAncia/</link>
      <pubDate>Mon, 01 Jan 0001 00:00:00 +0000</pubDate>
      <guid>//localhost:1313/tags/ci%C3%AAncia/</guid>
      <description></description>
    </item>
    <item>
      <title>Educação</title>
      <link>//localhost:1313/tags/educa%C3%A7%C3%A3o/</link>
      <pubDate>Mon, 01 Jan 0001 00:00:00 +0000</pubDate>
      <guid>//localhost:1313/tags/educa%C3%A7%C3%A3o/</guid>
      <description></description>
    </item>
    <item>
      <title>Saúde</title>
      <link>//localhost:1313/tags/sa%C3%BAde/</link>
      <pubDate>Mon, 01 Jan 0001 00:00:00 +0000</pubDate>
      <guid>//localhost:1313/tags/sa%C3%BAde/</guid>
      <description></description>
    </item>
    <item>
      <title>Tecnologia</title>
      <link>//localhost:1313/tags/tecnologia/</link>
      <pubDate>Mon, 01 Jan 0001 00:00:00 +0000</pubDate>
      <guid>//localhost:1313/tags/tecnologia/</guid>
      <description></description>
    </item>
    <item>
      <title>ADS</title>
      <link>//localhost:1313/tags/ads/</link>
      <pubDate>Mon, 01 Jan 0001 00:00:00 +0000</pubDate>
      <guid>//localhost:1313/tags/ads/</guid>
      <description></description>
    </item>
    <item>
      <title>Alocação</title>
      <link>//localhost:1313/tags/aloca%C3%A7%C3%A3o/</link>
      <pubDate>Mon, 01 Jan 0001 00:00:00 +0000</pubDate>
      <guid>//localhost:1313/tags/aloca%C3%A7%C3%A3o/</guid>
      <description></description>
    </item>
    <item>
      <title>Cultura</title>
      <link>//localhost:1313/tags/cultura/</link>
      <pubDate>Mon, 01 Jan 0001 00:00:00 +0000</pubDate>
      <guid>//localhost:1313/tags/cultura/</guid>
      <description></description>
    </item>
    <item>
      <title>Economia</title>
      <link>//localhost:1313/tags/economia/</link>
      <pubDate>Mon, 01 Jan 0001 00:00:00 +0000</pubDate>
      <guid>//localhost:1313/tags/economia/</guid>
      <description></description>
    </item>
    <item>
      <title>Entretenimento</title>
      <link>//localhost:1313/tags/entretenimento/</link>
      <pubDate>Mon, 01 Jan 0001 00:00:00 +0000</pubDate>
      <guid>//localhost:1313/tags/entretenimento/</guid>
      <description></description>
    </item>
    <item>
      <title>ES</title>
      <link>//localhost:1313/tags/es/</link>
      <pubDate>Mon, 01 Jan 0001 00:00:00 +0000</pubDate>
      <guid>//localhost:1313/tags/es/</guid>
      <description></description>
    </item>
    <item>
      <title>IA</title>
      <link>//localhost:1313/tags/ia/</link>
      <pubDate>Mon, 01 Jan 0001 00:00:00 +0000</pubDate>
      <guid>//localhost:1313/tags/ia/</guid>
      <description></description>
    </item>
    <item>
      <title>Jogos</title>
      <link>//localhost:1313/tags/jogos/</link>
      <pubDate>Mon, 01 Jan 0001 00:00:00 +0000</pubDate>
      <guid>//localhost:1313/tags/jogos/</guid>
      <description></description>
    </item>
    <item>
      <title>Livros</title>
      <link>//localhost:1313/tags/livros/</link>
      <pubDate>Mon, 01 Jan 0001 00:00:00 +0000</pubDate>
      <guid>//localhost:1313/tags/livros/</guid>
      <description></description>
    </item>
    <item>
      <title>Organização</title>
      <link>//localhost:1313/tags/organiza%C3%A7%C3%A3o/</link>
      <pubDate>Mon, 01 Jan 0001 00:00:00 +0000</pubDate>
      <guid>//localhost:1313/tags/organiza%C3%A7%C3%A3o/</guid>
      <description></description>
    </item>
    <item>
      <title>Quiz</title>
      <link>//localhost:1313/tags/quiz/</link>
      <pubDate>Mon, 01 Jan 0001 00:00:00 +0000</pubDate>
      <guid>//localhost:1313/tags/quiz/</guid>
      <description></description>
    </item>
    <item>
      <title>Tarefas</title>
      <link>//localhost:1313/tags/tarefas/</link>
      <pubDate>Mon, 01 Jan 0001 00:00:00 +0000</pubDate>
      <guid>//localhost:1313/tags/tarefas/</guid>
      <description></description>
    </item>
  </channel>
</rss>
