<?xml version="1.0" encoding="utf-8" standalone="yes"?>
<rss version="2.0" xmlns:atom="http://www.w3.org/2005/Atom">
  <channel>
    <title>Dietas on AppStore UniFil</title>
    <link>//localhost:1313/tags/dietas/</link>
    <description>Recent content in Dietas on AppStore UniFil</description>
    <generator>Hugo</generator>
    <language>pt-br</language>
    <lastBuildDate>Fri, 17 May 2024 00:00:00 +0000</lastBuildDate>
    <atom:link href="//localhost:1313/tags/dietas/index.xml" rel="self" type="application/rss+xml" />
    <item>
      <title>Transforme sua Vida com a DietSync</title>
      <link>//localhost:1313/posts/dietsync/</link>
      <pubDate>Fri, 17 May 2024 00:00:00 +0000</pubDate>
      <guid>//localhost:1313/posts/dietsync/</guid>
      <description>Bem-vindo ao Futuro da Saúde e Bem-Estar Descubra um novo você com a DietSync, um sistema WEB que combina dietas suas dietas, treinos, receitas deliciosas e monitoramento da evolução das suas medidas. Tudo o que você precisa para alcançar seus objetivos de saúde e fitness em uma só plataforma!&#xA;O Que Oferecemos Registre suas Dietas Planos Alimentares Específicos: adicione planos alimentares que atendem às suas necessidades nutricionais e preferências alimentares. Garantindo que sua dieta seja rica em nutrientes essenciais para sua saúde e bem-estar.</description>
    </item>
  </channel>
</rss>
