<?xml version="1.0" encoding="utf-8" standalone="yes"?>
<rss version="2.0" xmlns:atom="http://www.w3.org/2005/Atom">
  <channel>
    <title>Tarefas on AppStore UniFil</title>
    <link>//localhost:1313/tags/tarefas/</link>
    <description>Recent content in Tarefas on AppStore UniFil</description>
    <generator>Hugo</generator>
    <language>pt-br</language>
    <atom:link href="//localhost:1313/tags/tarefas/index.xml" rel="self" type="application/rss+xml" />
    <item>
      <title>BeBetter</title>
      <link>//localhost:1313/posts/bebetter/</link>
      <pubDate>Mon, 01 Jan 0001 00:00:00 +0000</pubDate>
      <guid>//localhost:1313/posts/bebetter/</guid>
      <description>Um site voltado para o desenvolvimento pessoal e gerenciamento de tarefas, hábitos e rotinas</description>
    </item>
  </channel>
</rss>
